EACR-ESMO Joint Conference on Liquid Biopsies ,Bergamo ,Italy,45.698,9.67,15-May-19
Cancer Genomics ,Cambridge,United Kingdom,52.205,0.12,23-Jun-19
ESMO 2019 Congress in Partnership with the EACR: Translating science into better cancer patient care ,Barcelona,Spain,41.385,2.17,27-Sep-19
Seed and Soil: Mechanisms of Methastasis ,Berlin,Germany,52.52,13.4,07-Oct-19
EACR 2020 Congress: Innovative Cancer Science ,Turin ,Italy,45.07,7.68,17-Jun-20
MDS 2019 - 15th International Symposium on Myelodysplastic Syndromes,Copenhaghen ,Denmark,55.676,12.56,08-May-19
Association for Molecular Pathology (AMP) Global 2019,Hong Kong,Hong Kong,22.319,114.16,16-May-19
Eleventh Annual ENBDC workshop: Methods in mammary gland biology and breast cancer,Weggis,Switzerland,47.033,8.42,16-May-19
III Edition International Summer School: Cancer biology and therapeutic strategies towards personalized medicine,Lipari,Italy,38.493,14.92,03-Jun-19
10th Workshop on Innovative Mouse Models - IMM2019,Leiden,Netherlands,52.16,4.49,19-Jun-19
16th International Congress for Radiation Research (ICRR),Manchester,United Kingdom,53.48,2.24,25-Aug-19
2019 Focused Meeting of the European Society for Immunodeficiencies (ESID 2019),Brussels,Belgium,50.85,4.35,18-Sep-19
9th Annual Brain Metastases Research and Emerging Therapy Conference,Marseille,France,43.296,5.36,04-Oct-19
BACR Special Conference on Breast Cancer,Newcastle,United Kingdom,54.978,1.61,09-Oct-19
24th World Congress on Advances in Oncology and 24th International Symposium on Molecular Medicine,Sparta,Greece,37.074,22.43,10-Oct-19
51st Congress of the International Society of Paediatric Oncology,Lyon,France,45.764,4.83,23-Oct-19
61st Annual Meeting of the Italian Cancer Society - Precision Oncology: from myth to reality,Naples,Italy,40.851,14.26,06-Nov-19
BioData World Congress 2019,Basel,Switzerland,47.559,7.58,04-Dec-19
Bridging between Basic Cancer Research and Innovative Therapies,Rehovot,Israel,31.892,34.81,02-Mar-20
